test_accuracy,test_auc,test_f1,test_f2
0.98007630351844,0.9735331293241085,0.9515962924819773,0.9581086686022398
